IL Forno Bakery,Bakery,     ilfornobakery.com          ,"     521 Faile St, Bronx, NY 10474          ",     (718) 861-1042               
Madonia Bakery,Bakery,     Add website   ,"     2348 Arthur Ave, Bronx, NY 10458          ",     (718) 295-5573               
LaSalle Bakery,Bakery,     Add website   ,"     3139 E Tremont Ave, Bronx, NY 10461          ",     (718) 823-4218               
Valencia Bakery,Bakery,     valenciacake.com          ,"     499 E 138th St, Bronx, NY 10454          ",     (718) 585-7062               
Zaro's Bread Basket,Bakery,     zaro.com          ,"     138 Bruckner Blvd, Bronx, NY 10454          ",     (718) 993-7327               
Emilio's Bakery & Coffee,Bakery,     emiliosbakerycoffee.com          ,"     6 E Clarke Pl, Bronx, NY 10452          ",     (347) 297-8732               
Capri Cakes,Bakery,     capricakes.com          ,"     306 E 149th St, Bronx, NY 10451          ",     (718) 618-0664               
Artuso Pastry Shop,Pastry Shop,     artusopastry.com          ,"     670 E 187th St, Bronx, NY 10458          ",     (718) 367-2515               
Orwashers Bakery,Bakery,     orwashers.com          ,"     1187 E 156th St, Bronx, NY 10474          ",     (718) 618-7438               
Terranova Bakery,Bakery,     terranovabakery.com          ,"     691 E 187th St, Bronx, NY 10458          ",     (718) 367-6985               
Delicia Bakery & Luncheonette,Bakery,     Add website   ,"     2785 Third Ave, Bronx, NY 10455          ",     (718) 993-1157               
Pitusa Bakery,Bakery,     Add website   ,"     831 E 149th St, Bronx, NY 10455          ",     (718) 585-4129               
Zeppieri & Sons Italian Bakery,Bakery,     zeppieriandsonsbakery.com          ,"     3004 Buhre Ave, Bronx, NY 10461          ",     (718) 829-9111               
There Should Always Be Cake,Bakery,     thereshouldalwaysbecake.com          ,"     2809, 2465 E Tremont Ave, Bronx, NY 10461          ",     (855) 353-2253               
Woops! Bay Plaza,Bakery,     bywoops.com          ,"     200 Baychester Ave, Bronx, NY 10475          ",     (718) 483-5326               
Sarabeth's Kitchen,Bakery,     sarabeth.com          ,"     1161 E 156th St, Bronx, NY 10474          ",     (718) 589-2900               
Dufour Pastry Kitchens Inc,Bakery,     dufourpastrykitchens.com          ,"     251 Locust Ave, Bronx, NY 10454          ",     (718) 402-8800               
Au Bon Pain,Cafe,     aubonpain.com          ,"     2155 University Ave, Bronx, NY 10453          ",     (718) 289-5200               
Tulcingo Bakery,Bakery,     tulcingoytularcitoteam.com          ,"     Bronx, NY          ",     (718) 676-1302               
Gino Pastry Shop,Pastry Shop,     Add website   ,"     580 E 187th St, Bronx, NY 10458          ",     (718) 584-3558               
Prince Bakery,Bakery,     Add website   ,"     2418 Belmont Ave, Bronx, NY 10458          ",     (347) 307-5270               
Bimbo Bakeries USA,Wholesale Bakery,     bimbobakeriesusa.com          ,"     1303 Randall Ave, Bronx, NY 10474          ",     (718) 860-0640               
188 Bakery Cuchifritos,Barbecue Restaurant,     Add website   ,"     158 E 188th St, Bronx, NY 10468          ",     (718) 367-4500               
Conti's Pastry Shoppe,Bakery,     contispastryshoppe.com          ,"     786 Morris Park Ave, Bronx, NY 10462          ",     (718) 239-9339               
National Bakery,Bakery,     Add website   ,"     1193 Walton Ave, Bronx, NY 10452          ",     (718) 537-5105               
Nicosia's Bakery,Bakery,     nicosiasbakery.com          ,"     781 Burke Ave, Bronx, NY 10467          ",     (718) 798-0201               
Gina's Bakery,Bakery,     ginasbakery.com          ,"     766 Lydig Ave, Bronx, NY 10462          ",     (718) 792-4037               
Golden Krust,Caribbean Restaurant,     goldenkrustbakery.com          ,"     1438 Metropolitan Ave, Bronx, NY 10462          ",     (718) 792-9322               
Scaglione Brothers Bakery & Deli,Bakery,     Add website   ,"     1078 Morris Park Ave, Bronx, NY 10461          ",     (718) 892-1736               
Panera Bread,Sandwich Shop,     locations.panerabread.com          ,"     340 Baychester Ave, Bronx, NY 10475          ",     (718) 862-2585               
Champion Bakery Inc,Bakery,     championbakerybronx.com          ,"     3978 White Plains Rd, Bronx, NY 10466          ",     (718) 798-1203               
La Prima Wholesale Bakery Corporation,Bakery,     Add website   ,"     765 E 182nd St, Bronx, NY 10460          ",     (718) 584-4442               
E & L Bakery,Bakery,     eandlbakery.com          ,"     4202 White Plains Rd, Bronx, NY 10466          ",     (718) 324-8152               
Addeo & Sons Bakery,Bakery,     addeobakers.com          ,"     2372 Hughes Ave, Bronx, NY 10458          ",     (718) 367-8316               
Arthur Avenue Market Pasticceria,Bakery,     arthuravenue.com          ,"     2344 Arthur Ave, Bronx, NY 10458          ",     (347) 590-6710               
Sal & Dom's Pastry Shop,Bakery,     salanddoms.com          ,"     1108 Allerton Ave, Bronx, NY 10469          ",     (718) 515-3344               
Gruenebaum Bakeries,Bakery,     Add website   ,"     5663 Riverdale Ave, Bronx, NY 10471          ",     (718) 432-4779               
Cannelle Patisserie,Patisserie,     cannellepatisserie.com          ,"     7559 31st Ave, East Elmhurst, NY 11370          ",     (718) 565-6200               
Atelier Sucre,Culinary School,     ateliersucreny.com          ,"     451B E 116th St, New York, NY 10029          ",     (567) 703-6227               
Food Bazaar Supermarket,Supermarket,     myfoodbazaar.com          ,"     238 E 161st St, Bronx, NY 10451          ",     (718) 538-3720               
La Parisienne French Bakery Cafe,Bakery,     business.site          ,"     3616, 2116 Boston Post Rd, Larchmont, NY 10538          ",     (914) 630-4317               
163rd Food Bazaar Supermarket,Supermarket,     myfoodbazaar.com          ,"     445 E 163rd St, Bronx, NY 10451          ",     (718) 841-6155               
Soul Snacks Cookie Co,Wholesale Bakery,     soulsnacksnyc.com          ,"     901 E 134th St, Bronx, NY 10454          ",     (718) 665-7685               
Cafeccino Bakery,Bakery,     cafeccinobakery.com          ,"     269 W 231st St, Bronx, NY 10463          ",     (718) 601-1111               
Bruckner Food Bazaar Supermarket,Supermarket,     myfoodbazaar.com          ,"     1630 Bruckner Blvd, Bronx, NY 10473          ",     (718) 860-1408               
Simon's Deli & Bagels,Bagel Shop,     Add website   ,"     2479 Arthur Ave, Bronx, NY 10458          ",     (718) 562-3354               
Kingsbridge Donut Shop,Donut Shop,     kingsbridgedonutshop.com          ,"     249 W 231st St, Bronx, NY 10463          ",     (347) 346-4171               
E & V Bakery,Bakery,     Add website   ,"     1729 Unionport Rd, Bronx, NY 10462          ",     (718) 892-5158               
Kingston Tropical Bakery,Bakery,     Add website   ,"     4000 White Plains Rd, Bronx, NY 10466          ",     (718) 798-0076               
Ronald Pitusa Bakery,Bakery,     Add website   ,"     1812 White Plains Rd, Bronx, NY 10462          ",     (718) 828-6917               
Artuso Pastry Foods Corp.,Bakery,     artusopastry.com          ,"     37 S Macquesten Pkwy, Mt Vernon, NY 10550          ",     Add phone number   
A & M Bronx Baking Inc,Bakery,     ambronxbaking.com          ,"     35 Colonial Pl, Mt Vernon, NY 10550          ",     (914) 665-6917               
Royal Caribbean Bakery,Bakery,     royalcaribbeanbakery.com          ,"     158 S 4th Ave, Mt Vernon, NY 10550          ",     (914) 664-4446               
Bagel Cafe,Bagel Shop,     bagelcafe247.com          ,"     2214 Bartow Ave, Bronx, NY 10475          ",     (718) 320-9011               
Dunkin' Donuts,Donut Shop,     dunkindonuts.com          ,"     3732 E Tremont Ave, Bronx, NY 10465          ",     (347) 478-7992               
Above The Rest Baking Corp,Bakery,     abovetherestbaking.com          ,"     531 Bryant Ave, Bronx, NY 10474          ",     (718) 313-9222               
Angelica's Bakery,Bakery,     Add website   ,"     4315 Katonah Ave, Bronx, NY 10470          ",     (718) 325-7292               
Cosmopolitan Cake Design,Cake Shop,     cosmopolitancakedesign.com          ,"     Bronx, NY          ",     (718) 683-2626               
Rolen Bagels Inc,Bagel Shop,     Add website   ,"     3601 Riverdale Ave, Bronx, NY 10463          ",     (718) 601-5357               
Silver Moon Bakery,Bakery,     silvermoonbakery.com          ,"     2740 Broadway, New York, NY 10025          ",     (212) 866-4717               
Fresh & Tasty Baked Products,Bakery,     freshandtasty.com          ,"     1568 Stillwell Ave, Bronx, NY 10461          ",     (718) 829-4536               
Carrot Top Pastries,Bakery,     carrottoppastries.com          ,"     5025 Broadway #1, New York, NY 10034          ",     (212) 569-1532               
Gourmet Market and Bagel,Bagel Shop,     gourmetmarketandbagels.com          ,"     5993 Broadway, Bronx, NY 10471          ",     (718) 549-1039               
Empire Bagels,Bagel Shop,     Add website   ,"     3101 Westchester Ave, Bronx, NY 10461          ",     (718) 828-4530               
Twin Donut Shop,Donut Shop,     twindonutplus.com          ,"     3396 Jerome Ave, Bronx, NY 10467          ",     (347) 603-7734               
Delillo Pastry Shop,Candy Store,     delillopastryshop.com          ,"     610 E 187th St, Bronx, NY 10458          ",     (718) 367-8198               
